è§ïiID,è§ïiãKäiID,êeãKäiï™óﬁID,ãKäiï™óﬁID,êeãKäiï™óﬁñº,ãKäiï™óﬁñº,ÉÅÅ[ÉJÅ[ID,ÉÅÅ[ÉJÅ[ñº,è§ïiñº,ï\é¶ÉXÉeÅ[É^ÉX(åˆäJÅEîÒåˆäJ),ÉÅÅ[ÉJÅ[URL(ÉRÉÅÉìÉg1),ÉRÉÅÉìÉg2,åüçıÉèÅ[Éh(ÉRÉÅÉìÉg3),ÉRÉÅÉìÉg4,ÉRÉÅÉìÉg5,ÉRÉÅÉìÉg6,îıçlóì(SHOPêÍóp),àÍóó-ÉÅÉCÉìÉRÉÅÉìÉg,àÍóó-ÉÅÉCÉìâÊëú,è⁄ç◊-ÉÅÉCÉìÉRÉÅÉìÉg,è⁄ç◊-ÉÅÉCÉìâÊëú,è⁄ç◊-ÉÅÉCÉìägëÂâÊëú,è⁄ç◊-ÉTÉuÉ^ÉCÉgÉã(1),è⁄ç◊-ÉTÉuÉRÉÅÉìÉg(1),è⁄ç◊-ÉTÉuâÊëú(1),è⁄ç◊-ÉTÉuägëÂâÊëú(1),è⁄ç◊-ÉTÉuÉ^ÉCÉgÉã(2),è⁄ç◊-ÉTÉuÉRÉÅÉìÉg(2),è⁄ç◊-ÉTÉuâÊëú(2),è⁄ç◊-ÉTÉuägëÂâÊëú(2),è⁄ç◊-ÉTÉuÉ^ÉCÉgÉã(3),è⁄ç◊-ÉTÉuÉRÉÅÉìÉg(3),è⁄ç◊-ÉTÉuâÊëú(3),è⁄ç◊-ÉTÉuägëÂâÊëú(3),è⁄ç◊-ÉTÉuÉ^ÉCÉgÉã(4),è⁄ç◊-ÉTÉuÉRÉÅÉìÉg(4),è⁄ç◊-ÉTÉuâÊëú(4),è⁄ç◊-ÉTÉuägëÂâÊëú(4),è⁄ç◊-ÉTÉuÉ^ÉCÉgÉã(5),è⁄ç◊-ÉTÉuÉRÉÅÉìÉg(5),è⁄ç◊-ÉTÉuâÊëú(5),è⁄ç◊-ÉTÉuägëÂâÊëú(5),î≠ëóì˙ñ⁄à¿ID,çÌèúÉtÉâÉO,è§ïiéÌï ID,è§ïiÉRÅ[Éh,ç›å…êî,ç›å…ñ≥êßå¿ÉtÉâÉO,îÃîÑêßå¿êî,í èÌâøäi,îÃîÑâøäi,ëóóø,É|ÉCÉìÉgïtó^ó¶,É_ÉEÉìÉçÅ[ÉhÉtÉ@ÉCÉãñº,É_ÉEÉìÉçÅ[Éhé¿ÉtÉ@ÉCÉã,ä÷òAè§ïiID(1),ä÷òAè§ïiÉRÉÅÉìÉg(1),ä÷òAè§ïiID(2),ä÷òAè§ïiÉRÉÅÉìÉg(2),ä÷òAè§ïiID(3),ä÷òAè§ïiÉRÉÅÉìÉg(3),ä÷òAè§ïiID(4),ä÷òAè§ïiÉRÉÅÉìÉg(4),ä÷òAè§ïiID(5),ä÷òAè§ïiÉRÉÅÉìÉg(5),ä÷òAè§ïiID(6),ä÷òAè§ïiÉRÉÅÉìÉg(6),è§ïiÉXÉeÅ[É^ÉX,è§ïiÉXÉeÅ[É^ÉXñº,ÉJÉeÉSÉäID,ÉJÉeÉSÉäñº
289,297,0,0,,,,,Åy1day RENTALÅzSoftBank 303ZT,1,,,,,,,,Åy1day RENTALÅzSoftBank 303ZT,sb/sb-00.jpg,*,sb/sb-00.jpg,sb/sb-00.jpg,,,,,,,,,,,,,,,,,,,,,,0,1,7171,,0,,,550,,5,,,,,,,,,,,,,,,,,11,SoftBank
364,557,9,7,Request(+Åè50/1day),Sign up (+Åè540),,,Åy2days/1nights RENTALÅzSoftBank 303ZT,1,,,,,,,,Åy2days/1nights RENTALÅzSoftBank 303ZT,sb/sb.jpg,*,sb/sb.jpg,sb/sb.jpg,,,,,,,,,,,,,,,,,,,,,,0,1,en_sb_001_in_bt,,0,,1100,1740,,5,,,,,,,,,,,,,,,,,11,SoftBank
364,556,10,7,Not request(+Åè0),Sign up (+Åè540),,,Åy2days/1nights RENTALÅzSoftBank 303ZT,1,,,,,,,,Åy2days/1nights RENTALÅzSoftBank 303ZT,sb/sb.jpg,*,sb/sb.jpg,sb/sb.jpg,,,,,,,,,,,,,,,,,,,,,,0,1,en_sb_001_in,,0,,1100,1640,,5,,,,,,,,,,,,,,,,,11,SoftBank
364,555,9,8,Request(+Åè50/1day),Not sign up (+Åè0),,,Åy2days/1nights RENTALÅzSoftBank 303ZT,1,,,,,,,,Åy2days/1nights RENTALÅzSoftBank 303ZT,sb/sb.jpg,*,sb/sb.jpg,sb/sb.jpg,,,,,,,,,,,,,,,,,,,,,,0,1,en_sb_001_bt,,0,,1100,1200,,5,,,,,,,,,,,,,,,,,11,SoftBank
364,372,10,8,Not request(+Åè0),Not sign up (+Åè0),,,Åy2days/1nights RENTALÅzSoftBank 303ZT,1,,,,,,,,Åy2days/1nights RENTALÅzSoftBank 303ZT,sb/sb.jpg,*,sb/sb.jpg,sb/sb.jpg,,,,,,,,,,,,,,,,,,,,,,0,1,en_sb_001,,1,,1100,1100,,5,,,,,,,,,,,,,,,,,11,SoftBank
365,560,9,7,Request(+Åè50/1day),Sign up (+Åè540),,,Åy3days/2nights RENTALÅzSoftBank 303ZT,1,,,,,,,,Åy3days/2nights RENTALÅzSoftBank 303ZT,sb/sb.jpg,*,sb/sb.jpg,sb/sb.jpg,,,,,,,,,,,,,,,,,,,,,,0,1,en_sb_002_in_bt,,0,,1650,2340,,5,,,,,,,,,,,,,,,,,11,SoftBank
365,559,10,7,Not request(+Åè0),Sign up (+Åè540),,,Åy3days/2nights RENTALÅzSoftBank 303ZT,1,,,,,,,,Åy3days/2nights RENTALÅzSoftBank 303ZT,sb/sb.jpg,*,sb/sb.jpg,sb/sb.jpg,,,,,,,,,,,,,,,,,,,,,,0,1,en_sb_002_in,,0,,1650,2190,,5,,,,,,,,,,,,,,,,,11,SoftBank
365,558,9,8,Request(+Åè50/1day),Not sign up (+Åè0),,,Åy3days/2nights RENTALÅzSoftBank 303ZT,1,,,,,,,,Åy3days/2nights RENTALÅzSoftBank 303ZT,sb/sb.jpg,*,sb/sb.jpg,sb/sb.jpg,,,,,,,,,,,,,,,,,,,,,,0,1,en_sb_002_bt,,0,,1650,1800,,5,,,,,,,,,,,,,,,,,11,SoftBank
365,373,10,8,Not request(+Åè0),Not sign up (+Åè0),,,Åy3days/2nights RENTALÅzSoftBank 303ZT,1,,,,,,,,Åy3days/2nights RENTALÅzSoftBank 303ZT,sb/sb.jpg,*,sb/sb.jpg,sb/sb.jpg,,,,,,,,,,,,,,,,,,,,,,0,1,en_sb_002,,0,,1650,1650,,5,,,,,,,,,,,,,,,,,11,SoftBank
366,563,9,7,Request(+Åè50/1day),Sign up (+Åè540),,,Åy4days/3nights RENTALÅzSoftBank 303ZT,1,,,,,,,,Åy4days/3nights RENTALÅzSoftBank 303ZT,sb/sb.jpg,*,sb/sb.jpg,sb/sb.jpg,,,,,,,,,,,,,,,,,,,,,,0,1,en_sb_003_in_bt,,0,,2200,2940,,5,,,,,,,,,,,,,,,,,11,SoftBank
366,562,10,7,Not request(+Åè0),Sign up (+Åè540),,,Åy4days/3nights RENTALÅzSoftBank 303ZT,1,,,,,,,,Åy4days/3nights RENTALÅzSoftBank 303ZT,sb/sb.jpg,*,sb/sb.jpg,sb/sb.jpg,,,,,,,,,,,,,,,,,,,,,,0,1,en_sb_003_in,,0,,2200,2740,,5,,,,,,,,,,,,,,,,,11,SoftBank
366,561,9,8,Request(+Åè50/1day),Not sign up (+Åè0),,,Åy4days/3nights RENTALÅzSoftBank 303ZT,1,,,,,,,,Åy4days/3nights RENTALÅzSoftBank 303ZT,sb/sb.jpg,*,sb/sb.jpg,sb/sb.jpg,,,,,,,,,,,,,,,,,,,,,,0,1,en_sb_003_bt,,0,,2200,2400,,5,,,,,,,,,,,,,,,,,11,SoftBank
366,374,10,8,Not request(+Åè0),Not sign up (+Åè0),,,Åy4days/3nights RENTALÅzSoftBank 303ZT,1,,,,,,,,Åy4days/3nights RENTALÅzSoftBank 303ZT,sb/sb.jpg,*,sb/sb.jpg,sb/sb.jpg,,,,,,,,,,,,,,,,,,,,,,0,1,en_sb_003,,0,,2200,2200,,5,,,,,,,,,,,,,,,,,11,SoftBank
367,566,9,7,Request(+Åè50/1day),Sign up (+Åè540),,,Åy5days/4nights RENTALÅzSoftBank 303ZT,1,,,,,,,,Åy5days/4nights RENTALÅzSoftBank 303ZT,sb/sb.jpg,*,sb/sb.jpg,sb/sb.jpg,,,,,,,,,,,,,,,,,,,,,,0,1,en_sb_004_in_bt,,0,,2750,3540,,5,,,,,,,,,,,,,,,,,11,SoftBank
367,565,10,7,Not request(+Åè0),Sign up (+Åè540),,,Åy5days/4nights RENTALÅzSoftBank 303ZT,1,,,,,,,,Åy5days/4nights RENTALÅzSoftBank 303ZT,sb/sb.jpg,*,sb/sb.jpg,sb/sb.jpg,,,,,,,,,,,,,,,,,,,,,,0,1,en_sb_004_in,,0,,2750,3290,,5,,,,,,,,,,,,,,,,,11,SoftBank
367,564,9,8,Request(+Åè50/1day),Not sign up (+Åè0),,,Åy5days/4nights RENTALÅzSoftBank 303ZT,1,,,,,,,,Åy5days/4nights RENTALÅzSoftBank 303ZT,sb/sb.jpg,*,sb/sb.jpg,sb/sb.jpg,,,,,,,,,,,,,,,,,,,,,,0,1,en_sb_004_bt,,0,,2750,3000,,5,,,,,,,,,,,,,,,,,11,SoftBank
367,375,10,8,Not request(+Åè0),Not sign up (+Åè0),,,Åy5days/4nights RENTALÅzSoftBank 303ZT,1,,,,,,,,Åy5days/4nights RENTALÅzSoftBank 303ZT,sb/sb.jpg,*,sb/sb.jpg,sb/sb.jpg,,,,,,,,,,,,,,,,,,,,,,0,1,en_sb_004,,0,,2750,2750,,5,,,,,,,,,,,,,,,,,11,SoftBank
374,587,9,7,Request(+Åè50/1day),Sign up (+Åè540),,,Åy12days/11nights RENTALÅzSoftBank 303ZT,1,,,,,,,,Åy12days/11nights RENTALÅzSoftBank 303ZT,sb/sb.jpg,*,sb/sb.jpg,sb/sb.jpg,,,,,,,,,,,,,,,,,,,,,,0,1,en_sb_011_in_bt,,0,,6600,7740,,5,,,,,,,,,,,,,,,,,11,SoftBank
374,586,10,7,Not request(+Åè0),Sign up (+Åè540),,,Åy12days/11nights RENTALÅzSoftBank 303ZT,1,,,,,,,,Åy12days/11nights RENTALÅzSoftBank 303ZT,sb/sb.jpg,*,sb/sb.jpg,sb/sb.jpg,,,,,,,,,,,,,,,,,,,,,,0,1,en_sb_011_in,,0,,6600,7140,,5,,,,,,,,,,,,,,,,,11,SoftBank
374,585,9,8,Request(+Åè50/1day),Not sign up (+Åè0),,,Åy12days/11nights RENTALÅzSoftBank 303ZT,1,,,,,,,,Åy12days/11nights RENTALÅzSoftBank 303ZT,sb/sb.jpg,*,sb/sb.jpg,sb/sb.jpg,,,,,,,,,,,,,,,,,,,,,,0,1,en_sb_011_bt,,0,,6600,7200,,5,,,,,,,,,,,,,,,,,11,SoftBank
374,382,10,8,Not request(+Åè0),Not sign up (+Åè0),,,Åy12days/11nights RENTALÅzSoftBank 303ZT,1,,,,,,,,Åy12days/11nights RENTALÅzSoftBank 303ZT,sb/sb.jpg,*,sb/sb.jpg,sb/sb.jpg,,,,,,,,,,,,,,,,,,,,,,0,1,en_sb_011,,0,,6600,6600,,5,,,,,,,,,,,,,,,,,11,SoftBank
375,590,9,7,Request(+Åè50/1day),Sign up (+Åè540),,,Åy13days/12nights RENTALÅzSoftBank 303ZT,1,,,,,,,,Åy13days/12nights RENTALÅzSoftBank 303ZT,sb/sb.jpg,*,sb/sb.jpg,sb/sb.jpg,,,,,,,,,,,,,,,,,,,,,,0,1,en_sb_012_in_bt,,0,,7150,8340,,5,,,,,,,,,,,,,,,,,11,SoftBank
375,589,10,7,Not request(+Åè0),Sign up (+Åè540),,,Åy13days/12nights RENTALÅzSoftBank 303ZT,1,,,,,,,,Åy13days/12nights RENTALÅzSoftBank 303ZT,sb/sb.jpg,*,sb/sb.jpg,sb/sb.jpg,,,,,,,,,,,,,,,,,,,,,,0,1,en_sb_012_in,,0,,7150,7690,,5,,,,,,,,,,,,,,,,,11,SoftBank
375,588,9,8,Request(+Åè50/1day),Not sign up (+Åè0),,,Åy13days/12nights RENTALÅzSoftBank 303ZT,1,,,,,,,,Åy13days/12nights RENTALÅzSoftBank 303ZT,sb/sb.jpg,*,sb/sb.jpg,sb/sb.jpg,,,,,,,,,,,,,,,,,,,,,,0,1,en_sb_012_bt,,0,,7150,7800,,5,,,,,,,,,,,,,,,,,11,SoftBank
375,383,10,8,Not request(+Åè0),Not sign up (+Åè0),,,Åy13days/12nights RENTALÅzSoftBank 303ZT,1,,,,,,,,Åy13days/12nights RENTALÅzSoftBank 303ZT,sb/sb.jpg,*,sb/sb.jpg,sb/sb.jpg,,,,,,,,,,,,,,,,,,,,,,0,1,en_sb_012,,0,,7150,7150,,5,,,,,,,,,,,,,,,,,11,SoftBank
376,593,9,7,Request(+Åè50/1day),Sign up (+Åè540),,,Åy14days/13nights RENTALÅzSoftBank 303ZT,1,,,,,,,,Åy14days/13nights RENTALÅzSoftBank 303ZT,sb/sb.jpg,*,sb/sb.jpg,sb/sb.jpg,,,,,,,,,,,,,,,,,,,,,,0,1,en_sb_013_in_bt,,0,,7700,8940,,5,,,,,,,,,,,,,,,,,11,SoftBank
376,592,10,7,Not request(+Åè0),Sign up (+Åè540),,,Åy14days/13nights RENTALÅzSoftBank 303ZT,1,,,,,,,,Åy14days/13nights RENTALÅzSoftBank 303ZT,sb/sb.jpg,*,sb/sb.jpg,sb/sb.jpg,,,,,,,,,,,,,,,,,,,,,,0,1,en_sb_013_in,,0,,7700,8240,,5,,,,,,,,,,,,,,,,,11,SoftBank
376,591,9,8,Request(+Åè50/1day),Not sign up (+Åè0),,,Åy14days/13nights RENTALÅzSoftBank 303ZT,1,,,,,,,,Åy14days/13nights RENTALÅzSoftBank 303ZT,sb/sb.jpg,*,sb/sb.jpg,sb/sb.jpg,,,,,,,,,,,,,,,,,,,,,,0,1,en_sb_013_bt,,0,,7700,8400,,5,,,,,,,,,,,,,,,,,11,SoftBank
376,384,10,8,Not request(+Åè0),Not sign up (+Åè0),,,Åy14days/13nights RENTALÅzSoftBank 303ZT,1,,,,,,,,Åy14days/13nights RENTALÅzSoftBank 303ZT,sb/sb.jpg,*,sb/sb.jpg,sb/sb.jpg,,,,,,,,,,,,,,,,,,,,,,0,1,en_sb_013,,0,,7700,7700,,5,,,,,,,,,,,,,,,,,11,SoftBank
377,596,9,7,Request(+Åè50/1day),Sign up (+Åè540),,,Åy15days/14nightsÅ`1month RENTALÅzSoftBank 303ZT,1,,,,,,,,Åy15days/14nightsÅ`1month RENTALÅzSoftBank 303ZT,sb/sb.jpg,*,sb/sb.jpg,sb/sb.jpg,,,,,,,,,,,,,,,,,,,,,,0,1,en_sb_014_in_bt,,0,,8250,9540,,5,,,,,,,,,,,,,,,,,11,SoftBank
377,595,10,7,Not request(+Åè0),Sign up (+Åè540),,,Åy15days/14nightsÅ`1month RENTALÅzSoftBank 303ZT,1,,,,,,,,Åy15days/14nightsÅ`1month RENTALÅzSoftBank 303ZT,sb/sb.jpg,*,sb/sb.jpg,sb/sb.jpg,,,,,,,,,,,,,,,,,,,,,,0,1,en_sb_014_in,,0,,8250,8790,,5,,,,,,,,,,,,,,,,,11,SoftBank
377,594,9,8,Request(+Åè50/1day),Not sign up (+Åè0),,,Åy15days/14nightsÅ`1month RENTALÅzSoftBank 303ZT,1,,,,,,,,Åy15days/14nightsÅ`1month RENTALÅzSoftBank 303ZT,sb/sb.jpg,*,sb/sb.jpg,sb/sb.jpg,,,,,,,,,,,,,,,,,,,,,,0,1,en_sb_014_bt,,0,,8250,9000,,5,,,,,,,,,,,,,,,,,11,SoftBank
377,385,10,8,Not request(+Åè0),Not sign up (+Åè0),,,Åy15days/14nightsÅ`1month RENTALÅzSoftBank 303ZT,1,,,,,,,,Åy15days/14nightsÅ`1month RENTALÅzSoftBank 303ZT,sb/sb.jpg,*,sb/sb.jpg,sb/sb.jpg,,,,,,,,,,,,,,,,,,,,,,0,1,en_sb_014,,1,,8250,8250,,5,,,,,,,,,,,,,,,,,11,SoftBank
378,599,9,7,Request(+Åè50/1day),Sign up (+Åè540),,,Åy2-month(61days/60nights) RENTALÅzSoftBank 303ZT,1,,,,,,,,Åy2-month(61days/60nights) RENTALÅzSoftBank 303ZT,sb/sb.jpg,*,sb/sb.jpg,sb/sb.jpg,,,,,,,,,,,,,,,,,,,,,,0,1,en_sb_060_in_bt,,0,,14650,16240,,5,,,,,,,,,,,,,,,,,11,SoftBank
378,598,10,7,Not request(+Åè0),Sign up (+Åè540),,,Åy2-month(61days/60nights) RENTALÅzSoftBank 303ZT,1,,,,,,,,Åy2-month(61days/60nights) RENTALÅzSoftBank 303ZT,sb/sb.jpg,*,sb/sb.jpg,sb/sb.jpg,,,,,,,,,,,,,,,,,,,,,,0,1,en_sb_060_in,,0,,14650,15190,,5,,,,,,,,,,,,,,,,,11,SoftBank
378,597,9,8,Request(+Åè50/1day),Not sign up (+Åè0),,,Åy2-month(61days/60nights) RENTALÅzSoftBank 303ZT,1,,,,,,,,Åy2-month(61days/60nights) RENTALÅzSoftBank 303ZT,sb/sb.jpg,*,sb/sb.jpg,sb/sb.jpg,,,,,,,,,,,,,,,,,,,,,,0,1,en_sb_060_bt,,0,,14650,15700,,5,,,,,,,,,,,,,,,,,11,SoftBank
378,386,10,8,Not request(+Åè0),Not sign up (+Åè0),,,Åy2-month(61days/60nights) RENTALÅzSoftBank 303ZT,1,,,,,,,,Åy2-month(61days/60nights) RENTALÅzSoftBank 303ZT,sb/sb.jpg,*,sb/sb.jpg,sb/sb.jpg,,,,,,,,,,,,,,,,,,,,,,0,1,en_sb_060,,0,,14650,14650,,5,,,,,,,,,,,,,,,,,11,SoftBank
368,569,9,7,Request(+Åè50/1day),Sign up (+Åè540),,,Åy6days/5nights RENTALÅzSoftBank 303ZT,1,,,,,,,,Åy6days/5nights RENTALÅzSoftBank 303ZT,sb/sb.jpg,*,sb/sb.jpg,sb/sb.jpg,,,,,,,,,,,,,,,,,,,,,,0,1,en_sb_005_in_bt,,0,,3300,4140,,5,,,,,,,,,,,,,,,,,11,SoftBank
368,568,10,7,Not request(+Åè0),Sign up (+Åè540),,,Åy6days/5nights RENTALÅzSoftBank 303ZT,1,,,,,,,,Åy6days/5nights RENTALÅzSoftBank 303ZT,sb/sb.jpg,*,sb/sb.jpg,sb/sb.jpg,,,,,,,,,,,,,,,,,,,,,,0,1,en_sb_005_in,,0,,3300,3840,,5,,,,,,,,,,,,,,,,,11,SoftBank
368,567,9,8,Request(+Åè50/1day),Not sign up (+Åè0),,,Åy6days/5nights RENTALÅzSoftBank 303ZT,1,,,,,,,,Åy6days/5nights RENTALÅzSoftBank 303ZT,sb/sb.jpg,*,sb/sb.jpg,sb/sb.jpg,,,,,,,,,,,,,,,,,,,,,,0,1,en_sb_005_bt,,0,,3300,3600,,5,,,,,,,,,,,,,,,,,11,SoftBank
368,376,10,8,Not request(+Åè0),Not sign up (+Åè0),,,Åy6days/5nights RENTALÅzSoftBank 303ZT,1,,,,,,,,Åy6days/5nights RENTALÅzSoftBank 303ZT,sb/sb.jpg,*,sb/sb.jpg,sb/sb.jpg,,,,,,,,,,,,,,,,,,,,,,0,1,en_sb_005,,0,,3300,3300,,5,,,,,,,,,,,,,,,,,11,SoftBank
369,572,9,7,Request(+Åè50/1day),Sign up (+Åè540),,,Åy7days/6nights RENTALÅzSoftBank 303ZT,1,,,,,,,,Åy7days/6nights RENTALÅzSoftBank 303ZT,sb/sb.jpg,*,sb/sb.jpg,sb/sb.jpg,,,,,,,,,,,,,,,,,,,,,,0,1,en_sb_006_in_bt,,0,,3850,4740,,5,,,,,,,,,,,,,,,,,11,SoftBank
369,571,10,7,Not request(+Åè0),Sign up (+Åè540),,,Åy7days/6nights RENTALÅzSoftBank 303ZT,1,,,,,,,,Åy7days/6nights RENTALÅzSoftBank 303ZT,sb/sb.jpg,*,sb/sb.jpg,sb/sb.jpg,,,,,,,,,,,,,,,,,,,,,,0,1,en_sb_006_in,,0,,3850,4390,,5,,,,,,,,,,,,,,,,,11,SoftBank
369,570,9,8,Request(+Åè50/1day),Not sign up (+Åè0),,,Åy7days/6nights RENTALÅzSoftBank 303ZT,1,,,,,,,,Åy7days/6nights RENTALÅzSoftBank 303ZT,sb/sb.jpg,*,sb/sb.jpg,sb/sb.jpg,,,,,,,,,,,,,,,,,,,,,,0,1,en_sb_006_bt,,0,,3850,4200,,5,,,,,,,,,,,,,,,,,11,SoftBank
369,377,10,8,Not request(+Åè0),Not sign up (+Åè0),,,Åy7days/6nights RENTALÅzSoftBank 303ZT,1,,,,,,,,Åy7days/6nights RENTALÅzSoftBank 303ZT,sb/sb.jpg,*,sb/sb.jpg,sb/sb.jpg,,,,,,,,,,,,,,,,,,,,,,0,1,en_sb_006,,0,,3850,3850,,5,,,,,,,,,,,,,,,,,11,SoftBank
370,575,9,7,Request(+Åè50/1day),Sign up (+Åè540),,,Åy8days/7nights RENTALÅzSoftBank 303ZT,1,,,,,,,,Åy8days/7nights RENTALÅzSoftBank 303ZT,sb/sb.jpg,*,sb/sb.jpg,sb/sb.jpg,,,,,,,,,,,,,,,,,,,,,,0,1,en_sb_007_in_bt,,0,,4400,5340,,5,,,,,,,,,,,,,,,,,11,SoftBank
370,574,10,7,Not request(+Åè0),Sign up (+Åè540),,,Åy8days/7nights RENTALÅzSoftBank 303ZT,1,,,,,,,,Åy8days/7nights RENTALÅzSoftBank 303ZT,sb/sb.jpg,*,sb/sb.jpg,sb/sb.jpg,,,,,,,,,,,,,,,,,,,,,,0,1,en_sb_007_in,,0,,4400,4940,,5,,,,,,,,,,,,,,,,,11,SoftBank
370,573,9,8,Request(+Åè50/1day),Not sign up (+Åè0),,,Åy8days/7nights RENTALÅzSoftBank 303ZT,1,,,,,,,,Åy8days/7nights RENTALÅzSoftBank 303ZT,sb/sb.jpg,*,sb/sb.jpg,sb/sb.jpg,,,,,,,,,,,,,,,,,,,,,,0,1,en_sb_007_bt,,0,,4400,4800,,5,,,,,,,,,,,,,,,,,11,SoftBank
370,378,10,8,Not request(+Åè0),Not sign up (+Åè0),,,Åy8days/7nights RENTALÅzSoftBank 303ZT,1,,,,,,,,Åy8days/7nights RENTALÅzSoftBank 303ZT,sb/sb.jpg,*,sb/sb.jpg,sb/sb.jpg,,,,,,,,,,,,,,,,,,,,,,0,1,en_sb_007,,0,,4400,4400,,5,,,,,,,,,,,,,,,,,11,SoftBank
371,578,9,7,Request(+Åè50/1day),Sign up (+Åè540),,,Åy9days/8nights RENTALÅzSoftBank 303ZT,1,,,,,,,,Åy9days/8nights RENTALÅzSoftBank 303ZT,sb/sb.jpg,*,sb/sb.jpg,sb/sb.jpg,,,,,,,,,,,,,,,,,,,,,,0,1,en_sb_008_in_bt,,0,,4950,5940,,5,,,,,,,,,,,,,,,,,11,SoftBank
371,577,10,7,Not request(+Åè0),Sign up (+Åè540),,,Åy9days/8nights RENTALÅzSoftBank 303ZT,1,,,,,,,,Åy9days/8nights RENTALÅzSoftBank 303ZT,sb/sb.jpg,*,sb/sb.jpg,sb/sb.jpg,,,,,,,,,,,,,,,,,,,,,,0,1,en_sb_008_in,,0,,4950,5490,,5,,,,,,,,,,,,,,,,,11,SoftBank
371,576,9,8,Request(+Åè50/1day),Not sign up (+Åè0),,,Åy9days/8nights RENTALÅzSoftBank 303ZT,1,,,,,,,,Åy9days/8nights RENTALÅzSoftBank 303ZT,sb/sb.jpg,*,sb/sb.jpg,sb/sb.jpg,,,,,,,,,,,,,,,,,,,,,,0,1,en_sb_008_bt,,0,,4950,5400,,5,,,,,,,,,,,,,,,,,11,SoftBank
371,379,10,8,Not request(+Åè0),Not sign up (+Åè0),,,Åy9days/8nights RENTALÅzSoftBank 303ZT,1,,,,,,,,Åy9days/8nights RENTALÅzSoftBank 303ZT,sb/sb.jpg,*,sb/sb.jpg,sb/sb.jpg,,,,,,,,,,,,,,,,,,,,,,0,1,en_sb_008,,0,,4950,4950,,5,,,,,,,,,,,,,,,,,11,SoftBank
372,581,9,7,Request(+Åè50/1day),Sign up (+Åè540),,,Åy10days/9nights RENTALÅzSoftBank 303ZT,1,,,,,,,,Åy10days/9nights RENTALÅzSoftBank 303ZT,sb/sb.jpg,*,sb/sb.jpg,sb/sb.jpg,,,,,,,,,,,,,,,,,,,,,,0,1,en_sb_009_in_bt,,0,,5500,6540,,5,,,,,,,,,,,,,,,,,11,SoftBank
372,580,10,7,Not request(+Åè0),Sign up (+Åè540),,,Åy10days/9nights RENTALÅzSoftBank 303ZT,1,,,,,,,,Åy10days/9nights RENTALÅzSoftBank 303ZT,sb/sb.jpg,*,sb/sb.jpg,sb/sb.jpg,,,,,,,,,,,,,,,,,,,,,,0,1,en_sb_009_in,,0,,5500,6040,,5,,,,,,,,,,,,,,,,,11,SoftBank
372,579,9,8,Request(+Åè50/1day),Not sign up (+Åè0),,,Åy10days/9nights RENTALÅzSoftBank 303ZT,1,,,,,,,,Åy10days/9nights RENTALÅzSoftBank 303ZT,sb/sb.jpg,*,sb/sb.jpg,sb/sb.jpg,,,,,,,,,,,,,,,,,,,,,,0,1,en_sb_009_bt,,0,,5500,6000,,5,,,,,,,,,,,,,,,,,11,SoftBank
372,380,10,8,Not request(+Åè0),Not sign up (+Åè0),,,Åy10days/9nights RENTALÅzSoftBank 303ZT,1,,,,,,,,Åy10days/9nights RENTALÅzSoftBank 303ZT,sb/sb.jpg,*,sb/sb.jpg,sb/sb.jpg,,,,,,,,,,,,,,,,,,,,,,0,1,en_sb_009,,0,,5500,5500,,5,,,,,,,,,,,,,,,,,11,SoftBank
373,584,9,7,Request(+Åè50/1day),Sign up (+Åè540),,,Åy11days/10nights RENTALÅzSoftBank 303ZT,1,,,,,,,,Åy11days/10nights RENTALÅzSoftBank 303ZT,sb/sb.jpg,*,sb/sb.jpg,sb/sb.jpg,,,,,,,,,,,,,,,,,,,,,,0,1,en_sb_010_in_bt,,0,,6050,7140,,5,,,,,,,,,,,,,,,,,11,SoftBank
373,583,10,7,Not request(+Åè0),Sign up (+Åè540),,,Åy11days/10nights RENTALÅzSoftBank 303ZT,1,,,,,,,,Åy11days/10nights RENTALÅzSoftBank 303ZT,sb/sb.jpg,*,sb/sb.jpg,sb/sb.jpg,,,,,,,,,,,,,,,,,,,,,,0,1,en_sb_010_in,,0,,6050,6590,,5,,,,,,,,,,,,,,,,,11,SoftBank
373,582,9,8,Request(+Åè50/1day),Not sign up (+Åè0),,,Åy11days/10nights RENTALÅzSoftBank 303ZT,1,,,,,,,,Åy11days/10nights RENTALÅzSoftBank 303ZT,sb/sb.jpg,*,sb/sb.jpg,sb/sb.jpg,,,,,,,,,,,,,,,,,,,,,,0,1,en_sb_010_bt,,0,,6050,6600,,5,,,,,,,,,,,,,,,,,11,SoftBank
373,381,10,8,Not request(+Åè0),Not sign up (+Åè0),,,Åy11days/10nights RENTALÅzSoftBank 303ZT,1,,,,,,,,Åy11days/10nights RENTALÅzSoftBank 303ZT,sb/sb.jpg,*,sb/sb.jpg,sb/sb.jpg,,,,,,,,,,,,,,,,,,,,,,0,1,en_sb_010,,0,,6050,6050,,5,,,,,,,,,,,,,,,,,11,SoftBank
379,602,9,7,Request(+Åè50/1day),Sign up (+Åè540),,,Åy3-month(91days/90nights) RENTALÅzSoftBank 303ZT,1,,,,,,,,Åy3-month(91days/90nights) RENTALÅzSoftBank 303ZT,sb/sb.jpg,*,sb/sb.jpg,sb/sb.jpg,,,,,,,,,,,,,,,,,,,,,,0,1,en_sb_090_in_bt,,0,,20500,22390,,5,,,,,,,,,,,,,,,,,11,SoftBank
379,601,10,7,Not request(+Åè0),Sign up (+Åè540),,,Åy3-month(91days/90nights) RENTALÅzSoftBank 303ZT,1,,,,,,,,Åy3-month(91days/90nights) RENTALÅzSoftBank 303ZT,sb/sb.jpg,*,sb/sb.jpg,sb/sb.jpg,,,,,,,,,,,,,,,,,,,,,,0,1,en_sb_090_in,,0,,20500,21040,,5,,,,,,,,,,,,,,,,,11,SoftBank
379,600,9,8,Request(+Åè50/1day),Not sign up (+Åè0),,,Åy3-month(91days/90nights) RENTALÅzSoftBank 303ZT,1,,,,,,,,Åy3-month(91days/90nights) RENTALÅzSoftBank 303ZT,sb/sb.jpg,*,sb/sb.jpg,sb/sb.jpg,,,,,,,,,,,,,,,,,,,,,,0,1,en_sb_090_bt,,0,,20500,21850,,5,,,,,,,,,,,,,,,,,11,SoftBank
379,387,10,8,Not request(+Åè0),Not sign up (+Åè0),,,Åy3-month(91days/90nights) RENTALÅzSoftBank 303ZT,1,,,,,,,,Åy3-month(91days/90nights) RENTALÅzSoftBank 303ZT,sb/sb.jpg,*,sb/sb.jpg,sb/sb.jpg,,,,,,,,,,,,,,,,,,,,,,0,1,en_sb_090,,0,,20500,20500,,5,,,,,,,,,,,,,,,,,11,SoftBank
380,605,9,7,Request(+Åè50/1day),Sign up (+Åè540),,,Åy4-month(121days/120nights) RENTALÅzSoftBank 303ZT,1,,,,,,,,Åy4-month(121days/120nights) RENTALÅzSoftBank 303ZT,sb/sb.jpg,*,sb/sb.jpg,sb/sb.jpg,,,,,,,,,,,,,,,,,,,,,,0,1,en_sb_120_in_bt,,0,,23000,25190,,5,,,,,,,,,,,,,,,,,11,SoftBank
380,604,10,7,Not request(+Åè0),Sign up (+Åè540),,,Åy4-month(121days/120nights) RENTALÅzSoftBank 303ZT,1,,,,,,,,Åy4-month(121days/120nights) RENTALÅzSoftBank 303ZT,sb/sb.jpg,*,sb/sb.jpg,sb/sb.jpg,,,,,,,,,,,,,,,,,,,,,,0,1,en_sb_120_in,,0,,23000,23540,,5,,,,,,,,,,,,,,,,,11,SoftBank
380,603,9,8,Request(+Åè50/1day),Not sign up (+Åè0),,,Åy4-month(121days/120nights) RENTALÅzSoftBank 303ZT,1,,,,,,,,Åy4-month(121days/120nights) RENTALÅzSoftBank 303ZT,sb/sb.jpg,*,sb/sb.jpg,sb/sb.jpg,,,,,,,,,,,,,,,,,,,,,,0,1,en_sb_120_bt,,0,,23000,24650,,5,,,,,,,,,,,,,,,,,11,SoftBank
380,388,10,8,Not request(+Åè0),Not sign up (+Åè0),,,Åy4-month(121days/120nights) RENTALÅzSoftBank 303ZT,1,,,,,,,,Åy4-month(121days/120nights) RENTALÅzSoftBank 303ZT,sb/sb.jpg,*,sb/sb.jpg,sb/sb.jpg,,,,,,,,,,,,,,,,,,,,,,0,1,en_sb_120,,0,,23000,23000,,5,,,,,,,,,,,,,,,,,11,SoftBank
381,608,9,7,Request(+Åè50/1day),Sign up (+Åè540),,,Åy5-month(151days/150nights) RENTALÅzSoftBank 303ZT,1,,,,,,,,Åy5-month(151days/150nights) RENTALÅzSoftBank 303ZT,sb/sb.jpg,*,sb/sb.jpg,sb/sb.jpg,,,,,,,,,,,,,,,,,,,,,,0,1,en_sb_150_in_bt,,0,,25500,27990,,5,,,,,,,,,,,,,,,,,11,SoftBank
381,607,10,7,Not request(+Åè0),Sign up (+Åè540),,,Åy5-month(151days/150nights) RENTALÅzSoftBank 303ZT,1,,,,,,,,Åy5-month(151days/150nights) RENTALÅzSoftBank 303ZT,sb/sb.jpg,*,sb/sb.jpg,sb/sb.jpg,,,,,,,,,,,,,,,,,,,,,,0,1,en_sb_150_in,,0,,25500,26040,,5,,,,,,,,,,,,,,,,,11,SoftBank
381,606,9,8,Request(+Åè50/1day),Not sign up (+Åè0),,,Åy5-month(151days/150nights) RENTALÅzSoftBank 303ZT,1,,,,,,,,Åy5-month(151days/150nights) RENTALÅzSoftBank 303ZT,sb/sb.jpg,*,sb/sb.jpg,sb/sb.jpg,,,,,,,,,,,,,,,,,,,,,,0,1,en_sb_150_bt,,0,,25500,27450,,5,,,,,,,,,,,,,,,,,11,SoftBank
381,389,10,8,Not request(+Åè0),Not sign up (+Åè0),,,Åy5-month(151days/150nights) RENTALÅzSoftBank 303ZT,1,,,,,,,,Åy5-month(151days/150nights) RENTALÅzSoftBank 303ZT,sb/sb.jpg,*,sb/sb.jpg,sb/sb.jpg,,,,,,,,,,,,,,,,,,,,,,0,1,en_sb_150,,0,,25500,25500,,5,,,,,,,,,,,,,,,,,11,SoftBank
382,611,9,7,Request(+Åè50/1day),Sign up (+Åè540),,,Åy6-month(181days/180nights) RENTALÅzSoftBank 303ZT,1,,,,,,,,Åy6-month(181days/180nights) RENTALÅzSoftBank 303ZT,sb/sb.jpg,*,sb/sb.jpg,sb/sb.jpg,,,,,,,,,,,,,,,,,,,,,,0,1,en_sb_180_in_bt,,0,,28000,30790,,5,,,,,,,,,,,,,,,,,11,SoftBank
382,610,10,7,Not request(+Åè0),Sign up (+Åè540),,,Åy6-month(181days/180nights) RENTALÅzSoftBank 303ZT,1,,,,,,,,Åy6-month(181days/180nights) RENTALÅzSoftBank 303ZT,sb/sb.jpg,*,sb/sb.jpg,sb/sb.jpg,,,,,,,,,,,,,,,,,,,,,,0,1,en_sb_180_in,,0,,28000,28540,,5,,,,,,,,,,,,,,,,,11,SoftBank
382,609,9,8,Request(+Åè50/1day),Not sign up (+Åè0),,,Åy6-month(181days/180nights) RENTALÅzSoftBank 303ZT,1,,,,,,,,Åy6-month(181days/180nights) RENTALÅzSoftBank 303ZT,sb/sb.jpg,*,sb/sb.jpg,sb/sb.jpg,,,,,,,,,,,,,,,,,,,,,,0,1,en_sb_180_bt,,0,,28000,30250,,5,,,,,,,,,,,,,,,,,11,SoftBank
382,390,10,8,Not request(+Åè0),Not sign up (+Åè0),,,Åy6-month(181days/180nights) RENTALÅzSoftBank 303ZT,1,,,,,,,,Åy6-month(181days/180nights) RENTALÅzSoftBank 303ZT,sb/sb.jpg,*,sb/sb.jpg,sb/sb.jpg,,,,,,,,,,,,,,,,,,,,,,0,1,en_sb_180,,0,,28000,28000,,5,,,,,,,,,,,,,,,,,11,SoftBank
405,634,0,0,,,,,A late fee for 10 days,1,,,,,,,,*,,*,,,,,,,,,,,,,,,,,,,,,,,,0,1,8888,,0,,8640,8640,0,0,,,,,,,,,,,,,,,,,11,SoftBank
