レコード番号,ユーザーコード,料金計算区分,料金計算フラグ,料金計算エラーフラグ,お届け先 郵便番号エラー,お届け先 顧客コード,お届け先 郵便番号,お届け先 住所,お届け先 都道府県コード,お届け先 市区町村コード,お届け先 カスタマバーコード,お届け先 氏名,お届け先 カナ名称,お届け先 敬称,お届け先 電話番号,お届け先 メールアドレス,お届け先 会員番号,ご依頼主 郵便番号エラー,ご依頼主 顧客コード,ご依頼主 郵便番号,ご依頼主 住所,ご依頼主 カスタマバーコード,ご依頼主 氏名,ご依頼主 カナ名称,ご依頼主 敬称,ご依頼主 電話番号,ご依頼主 メール利用フラグ,ご依頼主 メールアドレス,ご依頼主 会員番号,お届け先/ご依頼主同一フラグ,ご依頼主/ユーザー同一フラグ,郵便種別,送り状コード,お届け通知ハガキ使用フラグ,お届け通知メール使用フラグ,商品番号,商品名称,商品金額,こわれもの,なまもの,ビン類,逆さま厳禁,不在留め置き期間,サイズ,商品重量（単位:ｇ）,閾値重量（単位:ｇ）,支払方法区分,適用特別料金種別,料金体系,料金計算用サイズまたは重量,郵便番号エラー,差出／集荷局 郵便番号,差出／集荷地 都道府県コード,差出／集荷地 市区町村コード,地帯番号,速達・配達日指定種別,配達指定日／希望日,配達指定日曜日種別,配達希望時間,書留/セキュリティ種別,保冷種別,元／着払い種別,差出方法,割引区分,書留/セキュリティ 損害要償額,基本料金,速達・配達日指定料金,保冷料金,割引金額,運賃等,書留/セキュリティ料金,代引引換手数料,その他料金,領収金額,代引利用区分,消費税課税負担者フラグ,消費税計算区分,交付種別,代引種別,代引送金方法,代引金額,代引消費税金額,代引課税対象額,代引印紙税額,代引送金手数料,代引送金金額,加入者名,振替口座1,振替口座2,振替口座3,総合口座1,総合口座2,総合口座3,データ通知サービス利用区分,コマーシャルデータ,受注番号,代引まとめ利用区分,代引まとめバーコード,代引まとめ精算 代引金額,代引まとめ精算 代引消費税金額,代引まとめ精算 代引課税対象額,代引まとめ精算 代引印紙税額,代引まとめ精算 代引送金手数料,代引まとめ精算 代引送金金額,代引まとめ差出データ作成済フラグ,代引まとめ精算データ書き込み日付,代引まとめ 代金入金日,代引まとめ 計理日,代引まとめ決済手段コード,配達ステータス集約コード,配達ステータス明細コード,フリー項目１,フリー項目２,フリー項目３,フリー項目４,フリー項目５,日付 出荷予定日,日付 出荷日,日付 出荷予定データ作成日,日付 大口FD出力日付,料金印刷指示フラグ,大口FD出力フラグ,お届け先 メール作成済フラグ,ご依頼主 メール送信済フラグ,テストＩＤフラグ,お問い合わせ番号,データ種別,出荷予定データ作成日時,送り状印刷日時,下積み厳禁,仕分けコード
"8549","00000001","True","True","0","0","","4530801","Aichi名古屋市中村区太閤 4-1-17 ニュー 松竹梅 ホテル　フロント気付","23","105","45308014-1-17","Meng-ChuanChuah","","1","815-2451-4130","","","0","","1010041","TokyoKS building 2F1-5 Kandasuda-cho Chiyoda-ku","10100412-1-5","Wi-Fi RENTAL Store","","1","03-3525-8359","False","","","False","False","0","21","False","False","40","Wi-Fi Router","0","False","False","False","False","0","60","0","0","1","0","2","60","0","1010051","13","101","1","3","2014/07/05","","60","0","0","0","0","0","0","710","0","0","0","710","0","","","710","False","False","0","1","False","0","0","0","0","0","0","0","","","","","","","","False","","186","False","","","","","","","","False","","","","","00","","0000000186_0000001","","","","","","2014/07/04","","","True","False","False","False","False","809599079866","1","2014/07/04 16:43:29","2014/07/04 16:45:33","False","453080"
"8550","00000001","True","True","0","0","","5570002","Osaka大阪府大阪市西成区太子1-3-5ホテル東洋　フロント気付","27","122","55700021-3-5","LiJenWu","","1","816-6649-6348","","","0","","1010041","TokyoKS building 2F1-5 Kandasuda-cho Chiyoda-ku","10100412-1-5","Wi-Fi RENTAL Store","","1","03-3525-8359","False","","","False","False","0","21","False","False","39","Wi-Fi Router","0","False","False","False","False","0","60","0","0","1","0","2","60","0","1010051","13","101","2","3","2014/07/05","","60","0","0","0","0","0","0","810","0","0","0","810","0","","","810","False","False","0","1","False","0","0","0","0","0","0","0","","","","","","","","False","","184","False","","","","","","","","False","","","","","00","","0000000184_0000001","","","","","","2014/07/04","","","True","False","False","False","False","809599079870","1","2014/07/04 16:43:29","2014/07/04 16:45:33","False","555702"
"8551","00000001","True","True","0","0","","1730013","東京都板橋区氷川町9-7　三井ビル2階202室","13","119","17300139-7-2-202","YehWanchen","","1","03-3502-4711","","","0","","1010041","TokyoKS building 2F1-5 Kandasuda-cho Chiyoda-ku","10100412-1-5","Wi-Fi RENTAL Store","","1","03-3525-8359","False","","","False","False","0","21","False","False","52","Wi-Fi Router","0","False","False","False","False","0","60","0","0","1","0","2","60","0","1010051","13","101","0","3","2014/07/05","","99","0","0","0","0","0","0","610","0","0","0","610","0","","","610","False","True","0","1","False","0","0","0","0","0","0","0","","","","","","","","False","","170","False","","","","","","","","False","","","","","00","","0000000170_0000000","","","","","2014/07/04","2014/07/04","","","True","False","False","False","False","809599079881","0","2014/07/04 16:43:29","2014/07/04 16:45:33","False","173056"
"8552","00000001","True","True","0","0","","5420083","Osaka大阪府大阪市中央区東心斎橋1-15-15コンフォートホテル大阪心斎橋　フロント気付","27","128","54200831-15-15","LAIYUENKWAN","","1","06-6258-3111","","","0","","1010041","TokyoKS building 2F1-5 Kandasuda-cho Chiyoda-ku","10100412-1-5","Wi-Fi RENTAL Store","","1","03-3525-8359","False","","","False","False","0","21","False","False","11","Wi-Fi Router","0","False","False","False","False","0","60","0","0","1","0","2","60","0","1010051","13","101","2","3","2014/07/05","","63","0","0","0","0","0","0","810","0","0","0","810","0","","","810","False","False","0","1","False","0","0","0","0","0","0","0","","","","","","","","False","","120","False","","","","","","","","False","","","","","00","","0000000120_0000001","","","","","","2014/07/04","","","True","False","False","False","False","809599079892","1","2014/07/04 16:43:29","2014/07/04 16:45:33","False","544283"
"8553","00000001","True","True","0","0","","5012603","Gifu岐阜県関市武芸川町高野652-1Mino　Green Heights 212","21","205","5012603652-1-212","SawadaJared","","1","808-352-7618","","","0","","1010041","TokyoKS building 2F1-5 Kandasuda-cho Chiyoda-ku","10100412-1-5","Wi-Fi RENTAL Store","","1","03-3525-8359","False","","","False","False","0","21","False","False","50","Wi-Fi Router","0","False","False","False","False","0","60","0","0","1","0","2","60","0","1010051","13","101","1","3","2014/07/06","","99","0","0","0","0","0","0","710","0","0","0","710","0","","","710","False","False","0","1","False","0","0","0","0","0","0","0","","","","","","","","False","","210","False","","","","","","","","False","","","","","00","","0000000210_0000001","","","","","","2014/07/04","","","True","False","False","False","False","809599079903","1","2014/07/04 16:43:29","2014/07/04 16:45:33","False","501260"
"8554","00000001","True","True","0","0","","2860021","Chiba千葉県富里市七栄650-35ラディソンホテル成田　フロント気付","12","211","2860021650-35","GurnettCara","","1","81476-93-1234","","","0","","1010041","TokyoKS building 2F1-5 Kandasuda-cho Chiyoda-ku","10100412-1-5","Wi-Fi RENTAL Store","","1","03-3525-8359","False","","","False","False","0","21","False","False","15","Wi-Fi Router","0","False","False","False","False","0","60","0","0","1","0","2","60","0","1010051","13","101","1","3","2014/07/06","","63","0","0","0","0","0","0","710","0","0","0","710","0","","","710","False","False","0","1","False","0","0","0","0","0","0","0","","","","","","","","False","","208","False","","","","","","","","False","","","","","00","","0000000208_0000001","","","","","","2014/07/04","","","True","False","False","False","False","809599079914","1","2014/07/04 16:43:29","2014/07/04 16:45:33","False","286000"
"8555","00000001","True","True","0","0","","2828799","Chiba成田市御料牧場1-1 成田国際空港第1旅客ターミナルビル内4F 成田国際空港郵便局　第1旅客ビル内分室 局留め","12","211","28287991-1-1-4F1","TangLynn","","1","","","","0","","1010041","TokyoKS building 2F1-5 Kandasuda-cho Chiyoda-ku","10100412-1-5","Wi-Fi RENTAL Store","","1","03-3525-8359","False","","","False","False","0","21","False","False","9","Wi-Fi Router","0","False","False","False","False","0","60","0","0","1","0","2","60","0","1010051","13","101","1","3","2014/07/06","","60","0","0","0","0","0","0","710","0","0","0","710","0","","","710","False","False","0","1","False","0","0","0","0","0","0","0","","","","","","","","False","","179","False","","","","","","","","False","","","","","00","","0000000179_0000001","","","","","","2014/07/04","","","True","False","False","False","False","809599079925","1","2014/07/04 16:43:29","2014/07/04 16:45:33","False","282008"
"8556","00000001","True","True","0","0","","2828799","Chiba成田市御料牧場1-1 成田国際空港第1旅客ターミナルビル内4F 成田国際空港郵便局　第1旅客ビル内分室 局留め","12","211","28287991-1-1-4F1","FOKYINMAN","","1","","","","0","","1010041","TokyoKS building 2F1-5 Kandasuda-cho Chiyoda-ku","10100412-1-5","Wi-Fi RENTAL Store","","1","03-3525-8359","False","","","False","False","0","21","False","False","10","Wi-Fi Router","0","False","False","False","False","0","60","0","0","1","0","2","60","0","1010051","13","101","1","3","2014/07/06","","62","0","0","0","0","0","0","710","0","0","0","710","0","","","710","False","True","0","1","False","0","0","0","0","0","0","0","","","","","","","","False","","157","False","","","","","","","","False","","","","","00","","0000000157_0000001","","","","","2014/07/04","2014/07/04","","","True","False","False","False","False","809599079936","0","2014/07/04 16:43:29","2014/07/04 16:45:33","False","282008"
"8557","00000001","True","True","0","0","","0590551","Hokkaido北海道登別市登別温泉町162登別温泉,滝乃家 (Noborbetsu Onsenkyo Takinoya)　フロント気付","01","230","0590551162","CHANPUIYEE","","1","0143-84-2222","","","0","","1010041","TokyoKS building 2F1-5 Kandasuda-cho Chiyoda-ku","10100412-1-5","Wi-Fi RENTAL Store","","1","03-3525-8359","False","","","False","False","0","21","False","False","8","Wi-Fi Router","0","False","False","False","False","0","60","0","0","1","0","2","60","0","1010051","13","101","4","3","2014/07/07","","60","0","0","0","0","0","0","1030","0","0","0","1030","0","","","1030","False","True","0","1","False","0","0","0","0","0","0","0","","","","","","","","False","","175","False","","","","","","","","False","","","","","00","","0000000175_0000000","","","","","2014/07/04","2014/07/04","","","True","False","False","False","False","809599079940","0","2014/07/04 16:43:29","2014/07/04 16:45:33","False","051100"
