"フリー項目０１","お問い合わせ番号","フリー項目０９","フリー項目１０"
"00904743_000001","139390978624","",""
"00904730_000001","139390978635","",""
"00904665_000001","139390978646","",""
"00904414_000001","139390978650","",""
"00904695_000001","139390978661","",""
"00904693_000001","139390978672","",""
"00904689_000001","139390978683","",""
"00904647_000001","139390978694","",""
"00904640_000001","139390978705","",""
"00904622_000001","139390978716","",""
"00904601_000001","139390978720","",""
"00904592_000001","139390978731","",""
"00904456_000001","139390978742","",""
"00904416_000001","139390978753","",""
"00904383_000001","139390978764","",""
"00904214_000001","139390978775","",""
"00903387_000001","139390978786","",""
"00904652_000001","139390978790","",""
"00903401_000001","139390978801","",""
"00904551_000001","139390978812","",""
"00904543_000001","139390978823","",""
"00904314_000001","139390978834","",""
"00902019_000001","139390978856","",""
